date,close
2014-11-07,0.80250
2014-11-10,0.80460
2014-11-11,0.80150
2014-11-12,0.80440
2014-11-13,0.80130
2014-11-14,0.79820
2014-11-17,0.80290
2014-11-18,0.79770
2014-11-19,0.79680
2014-11-20,0.79710
2014-11-21,0.80700
2014-11-24,0.80360
2014-11-25,0.80140
2014-11-26,0.79930
2014-11-27,0.80220
2014-11-28,0.80280
2014-12-01,0.80150
2014-12-02,0.80730
2014-12-03,0.81230
2014-12-04,0.80760
2014-12-05,0.81360
2014-12-08,0.81170
2014-12-09,0.80770
2014-12-10,0.80310
2014-12-11,0.80580
2014-12-12,0.80200
2014-12-15,0.80350
2014-12-16,0.79900
2014-12-17,0.81070
2014-12-18,0.81350
2014-12-19,0.81750
2014-12-22,0.81750
2014-12-23,0.82130
2014-12-24,0.81910
2014-12-25,0.81810
2014-12-26,0.82080
2014-12-30,0.82230
2014-12-31,0.82620
2015-01-01,0.82610
2015-01-02,0.83330
2015-01-05,0.83780
2015-01-06,0.84210
2015-01-07,0.84480
2015-01-08,0.84790
2015-01-09,0.84400
2015-01-12,0.84500
2015-01-13,0.84890
2015-01-14,0.84800
2015-01-15,0.85970
2015-01-16,0.86440
2015-01-19,0.86150
2015-01-20,0.86510
2015-01-21,0.86060
2015-01-22,0.87970
2015-01-23,0.89210
2015-01-26,0.88970
2015-01-27,0.87910
2015-01-28,0.88660
2015-01-29,0.88260
2015-01-30,0.88570
2015-02-02,0.88180
2015-02-03,0.87200
2015-02-04,0.88200
2015-02-05,0.87080
2015-02-06,0.88360
2015-02-09,0.88260
2015-02-10,0.88330
2015-02-11,0.88240
2015-02-12,0.87660
2015-02-13,0.87840
2015-02-16,0.88110
2015-02-17,0.87610
2015-02-18,0.87680
2015-02-19,0.87960
2015-02-20,0.87850
2015-02-23,0.88180
2015-02-24,0.88150
2015-02-25,0.87970
2015-02-26,0.89300
2015-02-27,0.89270
2015-03-02,0.89420
2015-03-03,0.89410
2015-03-04,0.90220
2015-03-05,0.90620
2015-03-06,0.92250
2015-03-09,0.92160
2015-03-10,0.93550
2015-03-11,0.94750
2015-03-12,0.94110
2015-03-13,0.95180
2015-03-16,0.94590
2015-03-17,0.94370
2015-03-18,0.92330
2015-03-19,0.93710
2015-03-20,0.92440
2015-03-23,0.91220
2015-03-24,0.91620
2015-03-25,0.91180
2015-03-26,0.91890
2015-03-27,0.91820
2015-03-30,0.92300
2015-03-31,0.93090
2015-04-01,0.92830
2015-04-02,0.91920
2015-04-03,0.91160
2015-04-06,0.91440
2015-04-07,0.92360
2015-04-08,0.92700
2015-04-09,0.93750
2015-04-10,0.94220
2015-04-13,0.94560
2015-04-14,0.93870
2015-04-15,0.93640
2015-04-16,0.92900
2015-04-17,0.92500
2015-04-20,0.93100
2015-04-21,0.93110
2015-04-22,0.93260
2015-04-23,0.92440
2015-04-24,0.91930
2015-04-27,0.91920
2015-04-28,0.91080
2015-04-29,0.89930
2015-04-30,0.89140
2015-05-01,0.89280
2015-05-04,0.89700
2015-05-05,0.89430
2015-05-06,0.88130
2015-05-07,0.88900
2015-05-08,0.89030
2015-05-11,0.89660
2015-05-12,0.89140
2015-05-13,0.88030
2015-05-14,0.87670
2015-05-15,0.87340
2015-05-18,0.88350
2015-05-19,0.89690
2015-05-20,0.90100
2015-05-21,0.89970
2015-05-22,0.90780
2015-05-25,0.91060
2015-05-26,0.91830
2015-05-27,0.91670
2015-05-28,0.91140
2015-05-29,0.90910
2015-06-01,0.91480
2015-06-02,0.89650
2015-06-03,0.88760
2015-06-04,0.89230
2015-06-05,0.89970
2015-06-08,0.88610
2015-06-09,0.88680
2015-06-10,0.88320
2015-06-11,0.88940
2015-06-12,0.88780
2015-06-15,0.88660
2015-06-16,0.88890
2015-06-17,0.88150
2015-06-18,0.87910
2015-06-19,0.88050
2015-06-22,0.88150
2015-06-23,0.89480
2015-06-24,0.89220
2015-06-25,0.89250
2015-06-26,0.89560
2015-06-29,0.89140
2015-06-30,0.89830
2015-07-01,0.90510
2015-07-02,0.90140
2015-07-03,0.89920
2015-07-06,0.90430
2015-07-07,0.90850
2015-07-08,0.90260
2015-07-09,0.90290
2015-07-10,0.89600
2015-07-13,0.90820
2015-07-14,0.90780
2015-07-15,0.91210
2015-07-16,0.91890
2015-07-17,0.92300
2015-07-20,0.92320
2015-07-21,0.91410
2015-07-22,0.91470
2015-07-23,0.91020
2015-07-24,0.91050
2015-07-27,0.90180
2015-07-28,0.90380
2015-07-29,0.90980
2015-07-30,0.91460
2015-07-31,0.91030
2015-08-03,0.91270
2015-08-04,0.91810
2015-08-05,0.91700
2015-08-06,0.91480
2015-08-07,0.91160
2015-08-10,0.90740
2015-08-11,0.90510
2015-08-12,0.89610
2015-08-13,0.89620
2015-08-14,0.90000
2015-08-17,0.90260
2015-08-18,0.90650
2015-08-19,0.89940
2015-08-20,0.88990
2015-08-21,0.87830
2015-08-24,0.86190
2015-08-25,0.86720
2015-08-26,0.88160
2015-08-27,0.88930
2015-08-28,0.89400
2015-08-31,0.89110
2015-09-01,0.88460
2015-09-02,0.89100
2015-09-03,0.89910
2015-09-04,0.89700
2015-09-07,0.89490
2015-09-08,0.89200
2015-09-09,0.89120
2015-09-10,0.88560
2015-09-11,0.88160
2015-09-14,0.88390
2015-09-15,0.88690
2015-09-16,0.88540
2015-09-17,0.87570
2015-09-18,0.88380
2015-09-21,0.89370
2015-09-22,0.89810
2015-09-23,0.89340
2015-09-24,0.89440
2015-09-25,0.89300
2015-09-28,0.88990
2015-09-29,0.88810
2015-09-30,0.89480
2015-10-01,0.89330
2015-10-02,0.89180
2015-10-05,0.89330
2015-10-06,0.88730
2015-10-07,0.88980
2015-10-08,0.88560
2015-10-09,0.88050
2015-10-12,0.88030
2015-10-13,0.87790
2015-10-14,0.87130
2015-10-15,0.87880
2015-10-16,0.88100
2015-10-19,0.88250
2015-10-20,0.88060
2015-10-21,0.88150
2015-10-22,0.90020
2015-10-23,0.90730
2015-10-26,0.90390
2015-10-27,0.90570
2015-10-28,0.91460
2015-10-29,0.90990
2015-10-30,0.90830
2015-11-02,0.90770
2015-11-03,0.91200
2015-11-04,0.91990
2015-11-05,0.91850
2015-11-06,0.93100
2015-11-09,0.92960
2015-11-10,0.93250
2015-11-11,0.92920
2015-11-12,0.92510
2015-11-13,0.92760
2015-11-16,0.93580
2015-11-17,0.93910
2015-11-18,0.93780
2015-11-19,0.93180
2015-11-20,0.93910
2015-11-23,0.93990
2015-11-24,0.93910
2015-11-25,0.94120
2015-11-26,0.94260
2015-11-27,0.94400
2015-11-30,0.94510
2015-12-01,0.94100
2015-12-02,0.94240
2015-12-03,0.91490
2015-12-04,0.91850
2015-12-07,0.92290
2015-12-08,0.91770
2015-12-09,0.90750
2015-12-10,0.91380
2015-12-11,0.90960
2015-12-14,0.90880
2015-12-15,0.91450
2015-12-16,0.91780
2015-12-17,0.92280
2015-12-18,0.92010
2015-12-21,0.91630
2015-12-22,0.91300
2015-12-23,0.91660
2015-12-24,0.91170
2015-12-25,0.91080
2015-12-28,0.91100
2015-12-29,0.91520
2015-12-30,0.91500
2015-12-31,0.92170
2016-01-01,0.92040
2016-01-04,0.92310
2016-01-05,0.92960
2016-01-06,0.92770
2016-01-07,0.91530
2016-01-08,0.91470
2016-01-11,0.92040
2016-01-12,0.92160
2016-01-13,0.91880
2016-01-14,0.92040
2016-01-15,0.91550
2016-01-18,0.91790
2016-01-19,0.91600
2016-01-20,0.91810
2016-01-21,0.91970
2016-01-22,0.92600
2016-01-25,0.92140
2016-01-26,0.92000
2016-01-27,0.91690
2016-01-28,0.91390
2016-01-29,0.92320
2016-02-01,0.91810
2016-02-02,0.91510
2016-02-03,0.90210
2016-02-04,0.89240
2016-02-05,0.89600
2016-02-08,0.89240
2016-02-09,0.88560
2016-02-10,0.88630
2016-02-11,0.88360
2016-02-12,0.88810
2016-02-15,0.89550
2016-02-16,0.89740
2016-02-17,0.89820
2016-02-18,0.89990
2016-02-19,0.89830
2016-02-22,0.90680
2016-02-23,0.90720
2016-02-24,0.90750
2016-02-25,0.90720
2016-02-26,0.91430
2016-02-29,0.91850
2016-03-01,0.91990
2016-03-02,0.91970
2016-03-03,0.91300
2016-03-04,0.90870
2016-03-07,0.90760
2016-03-08,0.90840
2016-03-09,0.90910
2016-03-10,0.89420
2016-03-11,0.89630
2016-03-14,0.90030
2016-03-15,0.90010
2016-03-16,0.89140
2016-03-17,0.88350
2016-03-18,0.88670
2016-03-21,0.88940
2016-03-22,0.89130
2016-03-23,0.89410
2016-03-24,0.89440
2016-03-25,0.89440
2016-03-28,0.89280
2016-03-29,0.88560
2016-03-30,0.88220
2016-03-31,0.87860
2016-04-01,0.87730
2016-04-04,0.87780
2016-04-05,0.87820
2016-04-06,0.87720
2016-04-07,0.87900
2016-04-08,0.87750
2016-04-11,0.87620
2016-04-12,0.87810
2016-04-13,0.88630
2016-04-14,0.88750
2016-04-15,0.88540
2016-04-18,0.88390
2016-04-19,0.88020
2016-04-20,0.88460
2016-04-21,0.88560
2016-04-22,0.89060
2016-04-25,0.88730
2016-04-26,0.88470
2016-04-27,0.88260
2016-04-28,0.88050
2016-04-29,0.87300
2016-05-02,0.86730
2016-05-03,0.86930
2016-05-04,0.86990
2016-05-05,0.87670
2016-05-06,0.87670
2016-05-09,0.87820
2016-05-10,0.87910
2016-05-11,0.87510
2016-05-12,0.87850
2016-05-13,0.88390
2016-05-16,0.88350
2016-05-17,0.88370
2016-05-18,0.89070
2016-05-19,0.89240
2016-05-20,0.89080
2016-05-23,0.89130
2016-05-24,0.89740
2016-05-25,0.89600
2016-05-26,0.89310
2016-05-27,0.89970
2016-05-30,0.89730
2016-05-31,0.89810
2016-06-01,0.89380
2016-06-02,0.89640
2016-06-03,0.87960
2016-06-06,0.88040
2016-06-07,0.88040
2016-06-08,0.87700
2016-06-09,0.88350
2016-06-10,0.88880
2016-06-13,0.88540
2016-06-14,0.89180
2016-06-15,0.88760
2016-06-16,0.89010
2016-06-17,0.88680
2016-06-20,0.88360
2016-06-21,0.88810
2016-06-22,0.88220
2016-06-23,0.87870
2016-06-24,0.89950
2016-06-27,0.90800
2016-06-28,0.90270
2016-06-29,0.89850
2016-06-30,0.90060
2016-07-01,0.89770
2016-07-04,0.89680
2016-07-05,0.90380
2016-07-06,0.90090
2016-07-07,0.90400
2016-07-08,0.90440
2016-07-11,0.90380
2016-07-12,0.90360
2016-07-13,0.90070
2016-07-14,0.89940
2016-07-15,0.90600
2016-07-18,0.90270
2016-07-19,0.90740
2016-07-20,0.90800
2016-07-21,0.90670
2016-07-22,0.91070
2016-07-25,0.90940
2016-07-26,0.90980
2016-07-27,0.90410
2016-07-28,0.90250
2016-07-29,0.89460
2016-08-01,0.89530
2016-08-02,0.89110
2016-08-03,0.89660
2016-08-04,0.89840
2016-08-05,0.90200
2016-08-08,0.90190
2016-08-09,0.89930
2016-08-10,0.89380
2016-08-11,0.89740
2016-08-12,0.89570
2016-08-15,0.89370
2016-08-16,0.88640
2016-08-17,0.88510
2016-08-18,0.88110
2016-08-19,0.88250
2016-08-22,0.88310
2016-08-23,0.88440
2016-08-24,0.88740
2016-08-25,0.88590
2016-08-26,0.89280
2016-08-29,0.89360
2016-08-30,0.89670
2016-08-31,0.89570
2016-09-01,0.89300
2016-09-02,0.89620
2016-09-05,0.89670
2016-09-06,0.88910
2016-09-07,0.88920
2016-09-08,0.88750
2016-09-09,0.89040
2016-09-12,0.88960
2016-09-13,0.89140
2016-09-14,0.88920
2016-09-15,0.88870
2016-09-16,0.89600
2016-09-19,0.89430
2016-09-20,0.89640
2016-09-21,0.89340
2016-09-22,0.89180
2016-09-23,0.89030
2016-09-26,0.88850
2016-09-27,0.89120
2016-09-28,0.89120
2016-09-29,0.89080
2016-09-30,0.88930
2016-10-03,0.89150
2016-10-04,0.89210
2016-10-05,0.89210
2016-10-06,0.89700
2016-10-07,0.89240
2016-10-10,0.89740
2016-10-11,0.90390
2016-10-12,0.90780
2016-10-13,0.90440
2016-10-14,0.91140
2016-10-17,0.90850
2016-10-18,0.91060
2016-10-19,0.91060
2016-10-20,0.91480
2016-10-21,0.91850
2016-10-24,0.91950
2016-10-25,0.91800
2016-10-26,0.91640
2016-10-27,0.91760
2016-10-28,0.91020
2016-10-31,0.91110
2016-11-01,0.90420
2016-11-02,0.90080
2016-11-03,0.90020
2016-11-04,0.89690
2016-11-07,0.90530
2016-11-08,0.90760
2016-11-09,0.91560
2016-11-10,0.91840
2016-11-11,0.92100
2016-11-14,0.93050
2016-11-15,0.93220
2016-11-16,0.93400
2016-11-17,0.94070
2016-11-18,0.94430
2016-11-21,0.94040
2016-11-22,0.94070
2016-11-23,0.94750
2016-11-24,0.94690
2016-11-25,0.94380
2016-11-28,0.94190
2016-11-29,0.93880
2016-11-30,0.94350
2016-12-01,0.93780
2016-12-02,0.93750
2016-12-05,0.92910
2016-12-06,0.93280
2016-12-07,0.92930
2016-12-08,0.94190
2016-12-09,0.94660
2016-12-12,0.93980
2016-12-13,0.94090
2016-12-14,0.94960
2016-12-15,0.95960
2016-12-16,0.95660
2016-12-19,0.96120
2016-12-20,0.96210
2016-12-21,0.95870
2016-12-22,0.95800
2016-12-23,0.95650
2016-12-26,0.95650
2016-12-27,0.95580
2016-12-28,0.95970
2016-12-29,0.95270
2016-12-30,0.95040
2017-01-02,0.95560
2017-01-03,0.96050
2017-01-04,0.95330
2017-01-05,0.94300
2017-01-06,0.94940
2017-01-09,0.94460
2017-01-10,0.94710
2017-01-11,0.94460
2017-01-12,0.94190
2017-01-13,0.93930
2017-01-16,0.94330
2017-01-17,0.93340
2017-01-18,0.94020
2017-01-19,0.93770
2017-01-20,0.93400
2017-01-23,0.92810
2017-01-24,0.93150
2017-01-25,0.93000
2017-01-26,0.93610
2017-01-27,0.93450
2017-01-30,0.93420
2017-01-31,0.92600
2017-02-01,0.92850
2017-02-02,0.92900
2017-02-03,0.92710
2017-02-06,0.92970
2017-02-07,0.93600
2017-02-08,0.93450
2017-02-09,0.93820
2017-02-10,0.93960
2017-02-13,0.94350
2017-02-14,0.94510
2017-02-15,0.94380
2017-02-16,0.93710
2017-02-17,0.94170
2017-02-20,0.94200
2017-02-21,0.94860
2017-02-22,0.94720
2017-02-23,0.94500
2017-02-24,0.94720
2017-02-27,0.94430
2017-02-28,0.94550
2017-03-01,0.94760
2017-03-02,0.95150
2017-03-03,0.94130
2017-03-06,0.94480
2017-03-07,0.94610
2017-03-08,0.94850
2017-03-09,0.94530
2017-03-10,0.93670
2017-03-13,0.93860
2017-03-14,0.94240
2017-03-15,0.93170
2017-03-16,0.92810
2017-03-17,0.93050
2017-03-20,0.93130
2017-03-21,0.92460
2017-03-22,0.92620
2017-03-23,0.92720
2017-03-24,0.92580
2017-03-27,0.92010
2017-03-28,0.92440
2017-03-29,0.92850
2017-03-30,0.93570
2017-03-31,0.93730
2017-04-03,0.93720
2017-04-04,0.93620
2017-04-05,0.93700
2017-04-06,0.93930
2017-04-07,0.94360
2017-04-10,0.94340
2017-04-11,0.94270
2017-04-12,0.93730
2017-04-13,0.94180
2017-04-14,0.94210
2017-04-17,0.93940
2017-04-18,0.93170
2017-04-19,0.93300
2017-04-20,0.93290
2017-04-21,0.93210
2017-04-24,0.91990
2017-04-25,0.91460
2017-04-26,0.91650
2017-04-27,0.91940
2017-04-28,0.91770
2017-05-01,0.91630
2017-05-02,0.91460
2017-05-03,0.91810
2017-05-04,0.91040
2017-05-05,0.90870
2017-05-08,0.91500
2017-05-09,0.91850
2017-05-10,0.92000
2017-05-11,0.92020
2017-05-12,0.91470
2017-05-15,0.91040
2017-05-16,0.90110
2017-05-17,0.89560
2017-05-18,0.90000
2017-05-19,0.89250
2017-05-22,0.88950
2017-05-23,0.89370
2017-05-24,0.89120
2017-05-25,0.89150
2017-05-26,0.89420
2017-05-29,0.89750
2017-05-30,0.89470
2017-05-31,0.88950
2017-06-01,0.89110
2017-06-02,0.88640
2017-06-05,0.88800
2017-06-06,0.88640
2017-06-07,0.88800
2017-06-08,0.89240
2017-06-09,0.89310
2017-06-12,0.89250
2017-06-13,0.89190
2017-06-14,0.89180
2017-06-15,0.89690
2017-06-16,0.89370
2017-06-19,0.89650
2017-06-20,0.89780
2017-06-21,0.89520
2017-06-22,0.89660
2017-06-23,0.89320
2017-06-26,0.89420
2017-06-27,0.88130
2017-06-28,0.87850
2017-06-29,0.87370
2017-06-30,0.87460
2017-07-03,0.87940
2017-07-04,0.88080
2017-07-05,0.88050
2017-07-06,0.87530
2017-07-07,0.87690
2017-07-10,0.87720
2017-07-11,0.87150
2017-07-12,0.87570
2017-07-13,0.87730
2017-07-14,0.87200
2017-07-17,0.87110
2017-07-18,0.86550
2017-07-19,0.86730
2017-07-20,0.85970
2017-07-21,0.85720
2017-07-24,0.85900
2017-07-25,0.85840
2017-07-26,0.85170
2017-07-27,0.85570
2017-07-28,0.85060
2017-07-31,0.84500
2017-08-01,0.84680
2017-08-02,0.84350
2017-08-03,0.84160
2017-08-04,0.84900
2017-08-07,0.84780
2017-08-08,0.85010
2017-08-09,0.84990
2017-08-10,0.84970
2017-08-11,0.84530
2017-08-14,0.84870
2017-08-15,0.85170
2017-08-16,0.84870
2017-08-17,0.85250
2017-08-18,0.84980
2017-08-21,0.84650
2017-08-22,0.84980
2017-08-23,0.84640
2017-08-24,0.84700
2017-08-25,0.83820
2017-08-28,0.83520
2017-08-29,0.83490
2017-08-30,0.84040
2017-08-31,0.83920
2017-09-01,0.84300
2017-09-04,0.84020
2017-09-05,0.83860
2017-09-06,0.83830
2017-09-07,0.83170
2017-09-08,0.83060
2017-09-11,0.83570
2017-09-12,0.83510
2017-09-13,0.84070
2017-09-14,0.83850
2017-09-15,0.83690
2017-09-18,0.83610
2017-09-19,0.83340
2017-09-20,0.84080
2017-09-21,0.83720
2017-09-22,0.83650
2017-09-25,0.84330
2017-09-26,0.84780
2017-09-27,0.85140
2017-09-28,0.84850
2017-09-29,0.84610
2017-10-02,0.85160
2017-10-03,0.85130
2017-10-04,0.85000
2017-10-05,0.85370
2017-10-06,0.85230
2017-10-09,0.85150
2017-10-10,0.84640
2017-10-11,0.84270
2017-10-12,0.84470
2017-10-13,0.84570
2017-10-16,0.84780
2017-10-17,0.84950
2017-10-18,0.84760
2017-10-19,0.84380
2017-10-20,0.84830
2017-10-23,0.85080
2017-10-24,0.84960
2017-10-25,0.84610
2017-10-26,0.85850
2017-10-27,0.86110
2017-10-30,0.85870
2017-10-31,0.85810
2017-11-01,0.86040
2017-11-02,0.85760
2017-11-03,0.86100
2017-11-06,0.86100
2017-11-07,0.86240
2017-11-08,0.86220
2017-11-09,0.85850
2017-11-10,0.85690
2017-11-13,0.85700
2017-11-14,0.84740
2017-11-15,0.84940
2017-11-16,0.84930
2017-11-17,0.84790
2017-11-20,0.85190
2017-11-21,0.85200
2017-11-22,0.84590
2017-11-23,0.84360
2017-11-24,0.83780
2017-11-27,0.84010
2017-11-28,0.84380
2017-11-29,0.84370
2017-11-30,0.84090
2017-12-01,0.84020
2017-12-04,0.84240
2017-12-05,0.84510
2017-12-06,0.84700
2017-12-07,0.84900
2017-12-08,0.84930
2017-12-11,0.84910
2017-12-12,0.85170
2017-12-13,0.84540
2017-12-14,0.84970
2017-12-15,0.85090
2017-12-18,0.84850
2017-12-19,0.84420
2017-12-20,0.84200
2017-12-21,0.84230
2017-12-22,0.84270
2017-12-25,0.84210
2017-12-26,0.84290
2017-12-27,0.84020
2017-12-28,0.83710
2017-12-29,0.83320
2018-01-01,0.83200
2018-01-02,0.82910
2018-01-03,0.83220
2018-01-04,0.82820
2018-01-05,0.83110
2018-01-08,0.83500
2018-01-09,0.83760
2018-01-10,0.83650
2018-01-11,0.83040
2018-01-12,0.81930
2018-01-15,0.81510
2018-01-16,0.81570
2018-01-17,0.82160
2018-01-18,0.81660
2018-01-19,0.81790
2018-01-22,0.81550
2018-01-23,0.81290
2018-01-24,0.80590
2018-01-25,0.80800
2018-01-26,0.80450
2018-01-29,0.80750
2018-01-30,0.80590
2018-01-31,0.80540
2018-02-01,0.79940
2018-02-02,0.80230
2018-02-05,0.80770
2018-02-06,0.80750
2018-02-07,0.81580
2018-02-08,0.81610
2018-02-09,0.81580
2018-02-12,0.81340
2018-02-13,0.80950
2018-02-14,0.80270
2018-02-15,0.79960
2018-02-16,0.80530
2018-02-19,0.80570
2018-02-20,0.81030
2018-02-21,0.81430
2018-02-22,0.81080
2018-02-23,0.81320
2018-02-26,0.81180
2018-02-27,0.81700
2018-02-28,0.81980
2018-03-01,0.81450
2018-03-02,0.81170
2018-03-05,0.81050
2018-03-06,0.80480
2018-03-07,0.80520
2018-03-08,0.81190
2018-03-09,0.81230
2018-03-12,0.81050
2018-03-13,0.80660
2018-03-14,0.80820
2018-03-15,0.81240
2018-03-16,0.81300
2018-03-19,0.81040
2018-03-20,0.81640
2018-03-21,0.80990
2018-03-22,0.81140
2018-03-23,0.80890
2018-03-26,0.80280
2018-03-27,0.80580
2018-03-28,0.81210
2018-03-29,0.81250
2018-03-30,0.81120
2018-04-02,0.81270
2018-04-03,0.81460
2018-04-04,0.81380
2018-04-05,0.81650
2018-04-06,0.81380
2018-04-09,0.81130
2018-04-10,0.80890
2018-04-11,0.80810
2018-04-12,0.81090
2018-04-13,0.81060
2018-04-16,0.80740
2018-04-17,0.80800
2018-04-18,0.80750
2018-04-19,0.80990
2018-04-20,0.81380
2018-04-23,0.81880
2018-04-24,0.81730
2018-04-25,0.82140
2018-04-26,0.82580
2018-04-27,0.82430
2018-04-30,0.82760
2018-05-01,0.83380
2018-05-02,0.83620
2018-05-03,0.83400
2018-05-04,0.83570
2018-05-07,0.83840
2018-05-08,0.84280
2018-05-09,0.84340
2018-05-10,0.83880
2018-05-11,0.83690
2018-05-14,0.83800
2018-05-15,0.84570
2018-05-16,0.84600
2018-05-17,0.84720
2018-05-18,0.84940
2018-05-21,0.84750
2018-05-22,0.84850
2018-05-23,0.85410
2018-05-24,0.85280
2018-05-25,0.85720
2018-05-28,0.85980
2018-05-29,0.86620
2018-05-30,0.85710
2018-05-31,0.85410
2018-06-01,0.85720
2018-06-04,0.85450
2018-06-05,0.85300
2018-06-06,0.84850
2018-06-07,0.84740
2018-06-08,0.84960
2018-06-11,0.84910
2018-06-12,0.85120
2018-06-13,0.84740
2018-06-14,0.86320
2018-06-15,0.86170
2018-06-18,0.86020
2018-06-19,0.86270
2018-06-20,0.86360
2018-06-21,0.86090
2018-06-22,0.85800
2018-06-25,0.85430
2018-06-26,0.85810
2018-06-27,0.86480
2018-06-28,0.86470
2018-06-29,0.85540
2018-07-02,0.85880
2018-07-03,0.85740
2018-07-04,0.85740
2018-07-05,0.85510
2018-07-06,0.85040
2018-07-09,0.85080
2018-07-10,0.85190
2018-07-11,0.85620
2018-07-12,0.85700
2018-07-13,0.85550
2018-07-16,0.85370
2018-07-17,0.85750
2018-07-18,0.85840
2018-07-19,0.85850
2018-07-20,0.85230
2018-07-23,0.85500
2018-07-24,0.85580
2018-07-25,0.85220
2018-07-26,0.85870
2018-07-27,0.85810
2018-07-30,0.85380
2018-07-31,0.85540
2018-08-01,0.85710
2018-08-02,0.86280
2018-08-03,0.86420
2018-08-06,0.86500
2018-08-07,0.86190
2018-08-08,0.86090
2018-08-09,0.86780
2018-08-10,0.87600
2018-08-13,0.87660
2018-08-14,0.88080
2018-08-15,0.88110
2018-08-16,0.87890
2018-08-17,0.87330
2018-08-20,0.86990
2018-08-21,0.86380
2018-08-22,0.86200
2018-08-23,0.86620
2018-08-24,0.86010
2018-08-27,0.85600
2018-08-28,0.85490
2018-08-29,0.85390
2018-08-30,0.85720
2018-08-31,0.86160
2018-09-03,0.86060
2018-09-04,0.86310
2018-09-05,0.85940
2018-09-06,0.86000
2018-09-07,0.86500
2018-09-10,0.86230
2018-09-11,0.86160
2018-09-12,0.85980
2018-09-13,0.85510
2018-09-14,0.85960
2018-09-17,0.85650
2018-09-18,0.85600
2018-09-19,0.85660
2018-09-20,0.84870
2018-09-21,0.85270
2018-09-24,0.85080
2018-09-25,0.84960
2018-09-26,0.85090
2018-09-27,0.85920
2018-09-28,0.86120
2018-10-01,0.86360
2018-10-02,0.86550
2018-10-03,0.87050
2018-10-04,0.86810
2018-10-05,0.86770
2018-10-08,0.86990
2018-10-09,0.86960
2018-10-10,0.86670
2018-10-11,0.86240
2018-10-12,0.86440
2018-10-15,0.86300
2018-10-16,0.86370
2018-10-17,0.86940
2018-10-18,0.87270
2018-10-19,0.86700
2018-10-22,0.87190
2018-10-23,0.87130
2018-10-24,0.87690
2018-10-25,0.87900
2018-10-26,0.87660
2018-10-29,0.87900
2018-10-30,0.88120
2018-10-31,0.88340
2018-11-01,0.87660
2018-11-02,0.87790
2018-11-05,0.87620
2018-11-06,0.87530
2018-11-07,0.87450
2018-11-08,0.87970
2018-11-09,0.88160
2018-11-12,0.89080
2018-11-13,0.88480
2018-11-14,0.88370
2018-11-15,0.88290
2018-11-16,0.87530
2018-11-19,0.87270
2018-11-20,0.87950
2018-11-21,0.87810
2018-11-22,0.87650
2018-11-23,0.88150
2018-11-26,0.88230
2018-11-27,0.88520
2018-11-28,0.87940
2018-11-29,0.87790
2018-11-30,0.88340
2018-12-03,0.88050
2018-12-04,0.88140
2018-12-05,0.88100
2018-12-06,0.87880
2018-12-07,0.87830
2018-12-10,0.88070
2018-12-11,0.88270
2018-12-12,0.87910
2018-12-13,0.88010
2018-12-14,0.88410
2018-12-17,0.88100
2018-12-18,0.87940
2018-12-19,0.87840
2018-12-20,0.87320
2018-12-21,0.87910
2018-12-24,0.87620
2018-12-25,0.87710
2018-12-26,0.88030
2018-12-27,0.87480
2018-12-28,0.87360
2018-12-31,0.87270
2019-01-01,0.87150
2019-01-02,0.88170
2019-01-03,0.87760
2019-01-04,0.87740
2019-01-07,0.87120
2019-01-08,0.87370
2019-01-09,0.86560
2019-01-10,0.86930
2019-01-11,0.87170
2019-01-14,0.87180
2019-01-15,0.87650
2019-01-16,0.87730
2019-01-17,0.87800
2019-01-18,0.87970
2019-01-21,0.87930
2019-01-22,0.87990
2019-01-23,0.87860
2019-01-24,0.88460
2019-01-25,0.87680
2019-01-28,0.87470
2019-01-29,0.87420
2019-01-30,0.87060
2019-01-31,0.87340
2019-02-01,0.87270
2019-02-04,0.87420
2019-02-05,0.87650
2019-02-06,0.87940
2019-02-07,0.88150
2019-02-08,0.88340
2019-02-11,0.88660
2019-02-12,0.88250
2019-02-13,0.88810
2019-02-14,0.88500
2019-02-15,0.88520
2019-02-18,0.88370
2019-02-19,0.88160
2019-02-20,0.88110
2019-02-21,0.88190
2019-02-22,0.88320
2019-02-25,0.88000
2019-02-26,0.87750
2019-02-27,0.87910
2019-02-28,0.87920
2019-03-01,0.87900
2019-03-04,0.88190
2019-03-05,0.88470
2019-03-06,0.88410
2019-03-07,0.89330
2019-03-08,0.88940
2019-03-11,0.88760
2019-03-12,0.88550
2019-03-13,0.88180
2019-03-14,0.88430
2019-03-15,0.88260
2019-03-18,0.88190
2019-03-19,0.88050
2019-03-20,0.87530
2019-03-21,0.87870
2019-03-22,0.88450
2019-03-25,0.88360
2019-03-26,0.88660
2019-03-27,0.88870
2019-03-28,0.89040
2019-03-29,0.89120
2019-04-01,0.89210
2019-04-02,0.89220
2019-04-03,0.88920
2019-04-04,0.89090
2019-04-05,0.89140
2019-04-08,0.88810
2019-04-09,0.88730
2019-04-10,0.88650
2019-04-11,0.88790
2019-04-12,0.88490
2019-04-15,0.88450
2019-04-16,0.88620
2019-04-17,0.88480
2019-04-18,0.88970
2019-04-19,0.88910
2019-04-22,0.88790
2019-04-23,0.89090
2019-04-24,0.89600
2019-04-25,0.89760
2019-04-26,0.89640
2019-04-29,0.89390
2019-04-30,0.89170
2019-05-01,0.89230
2019-05-02,0.89460
2019-05-03,0.89260
2019-05-06,0.89270
2019-05-07,0.89320
2019-05-08,0.89280
2019-05-09,0.89120
2019-05-10,0.89010
2019-05-13,0.89010
2019-05-14,0.89200
2019-05-15,0.89210
2019-05-16,0.89470
2019-05-17,0.89590
2019-05-20,0.89510
2019-05-21,0.89550
2019-05-22,0.89610
2019-05-23,0.89390
2019-05-24,0.89210
2019-05-27,0.89320
2019-05-28,0.89540
2019-05-29,0.89760
2019-05-30,0.89800
2019-05-31,0.89490
2019-06-03,0.88900
2019-06-04,0.88840
2019-06-05,0.89030
2019-06-06,0.88650
2019-06-07,0.88180
2019-06-10,0.88360
2019-06-11,0.88250
2019-06-12,0.88530
2019-06-13,0.88640
2019-06-14,0.89190
2019-06-17,0.89090
2019-06-18,0.89300
2019-06-19,0.88980
2019-06-20,0.88530
2019-06-21,0.87940
2019-06-24,0.87710
2019-06-25,0.87960
2019-06-26,0.87900
2019-06-27,0.87940
2019-06-28,0.87910
2019-07-01,0.88550
2019-07-02,0.88550
2019-07-03,0.88570
2019-07-04,0.88560
2019-07-05,0.89020
2019-07-08,0.89130
2019-07-09,0.89210
2019-07-10,0.88790
2019-07-11,0.88810
2019-07-12,0.88670
2019-07-15,0.88780
2019-07-16,0.89170
2019-07-17,0.89050
2019-07-18,0.88870
2019-07-19,0.89120
2019-07-22,0.89190
2019-07-23,0.89640
2019-07-24,0.89720
2019-07-25,0.89690
2019-07-26,0.89840
2019-07-29,0.89690
2019-07-30,0.89600
2019-07-31,0.90230
2019-08-01,0.90240
2019-08-02,0.89950
2019-08-05,0.89060
2019-08-06,0.89240
2019-08-07,0.89220
2019-08-08,0.89380
2019-08-09,0.89200
2019-08-12,0.89140
2019-08-13,0.89460
2019-08-14,0.89700
2019-08-15,0.89980
2019-08-16,0.90110
2019-08-19,0.90210
2019-08-20,0.90070
2019-08-21,0.90130
2019-08-22,0.90210
2019-08-23,0.89690
2019-08-26,0.90060
2019-08-27,0.90130
2019-08-28,0.90200
2019-08-29,0.90400
2019-08-30,0.90970
2019-09-02,0.91160
2019-09-03,0.91120
2019-09-04,0.90600
2019-09-05,0.90590
2019-09-06,0.90620
2019-09-09,0.90480
2019-09-10,0.90480
2019-09-11,0.90800
2019-09-12,0.90410
2019-09-13,0.90280
2019-09-16,0.90840
2019-09-17,0.90300
2019-09-18,0.90620
2019-09-19,0.90510
2019-09-20,0.90660
2019-09-23,0.90920
2019-09-24,0.90710
2019-09-25,0.91300
2019-09-26,0.91550
2019-09-27,0.91410
2019-09-30,0.91730
2019-10-01,0.91450
2019-10-02,0.91220
2019-10-03,0.91120
2019-10-04,0.91020
2019-10-07,0.91110
2019-10-08,0.91220
2019-10-09,0.91010
2019-10-10,0.90830
2019-10-11,0.90530
2019-10-14,0.90630
2019-10-15,0.90600
2019-10-16,0.90270
2019-10-17,0.89860
2019-10-18,0.89490
2019-10-21,0.89660
2019-10-22,0.89820
2019-10-23,0.89800
2019-10-24,0.90040
2019-10-25,0.90240
2019-10-28,0.90080
2019-10-29,0.89970
2019-10-30,0.89640
2019-10-31,0.89650
2019-11-01,0.89550
2019-11-04,0.89890
2019-11-05,0.90270
2019-11-06,0.90310
2019-11-07,0.90480
2019-11-08,0.90700
2019-11-11,0.90620
2019-11-12,0.90790
2019-11-13,0.90820
2019-11-14,0.90700
2019-11-15,0.90430
2019-11-18,0.90290
2019-11-19,0.90240
2019-11-20,0.90260
2019-11-21,0.90380
2019-11-22,0.90730
2019-11-25,0.90770
2019-11-26,0.90690
2019-11-27,0.90830
2019-11-28,0.90800
2019-11-29,0.90740
2019-12-02,0.90250
2019-12-03,0.90210
2019-12-04,0.90240
2019-12-05,0.90040
2019-12-06,0.90370
2019-12-09,0.90340
2019-12-10,0.90130
2019-12-11,0.89790
2019-12-12,0.89380
2019-12-13,0.89940
2019-12-16,0.89740
2019-12-17,0.89600
2019-12-18,0.89940
2019-12-19,0.89870
2019-12-20,0.90270
2019-12-23,0.90130
2019-12-24,0.90250
2019-12-25,0.90140
2019-12-26,0.90130
2019-12-27,0.89440
2019-12-30,0.89250
2019-12-31,0.89120
2020-01-01,0.89150
2020-01-02,0.89490
2020-01-03,0.89620
2020-01-06,0.89290
2020-01-07,0.89660
2020-01-08,0.89980
2020-01-09,0.90020
2020-01-10,0.89900
2020-01-13,0.89770
2020-01-14,0.89840
2020-01-15,0.89660
2020-01-16,0.89760
2020-01-17,0.90160
2020-01-20,0.90090
2020-01-21,0.90200
2020-01-22,0.90110
2020-01-23,0.90420
2020-01-24,0.90630
2020-01-27,0.90740
2020-01-28,0.90700
2020-01-29,0.90800
2020-01-30,0.90590
2020-01-31,0.90110
2020-02-03,0.90400
2020-02-04,0.90520
2020-02-05,0.90880
2020-02-06,0.91050
2020-02-07,0.91340
2020-02-10,0.91620
2020-02-11,0.91560
2020-02-12,0.91950
2020-02-13,0.92230
2020-02-14,0.92300
2020-02-17,0.92250
2020-02-18,0.92620
2020-02-19,0.92490
2020-02-20,0.92670
2020-02-21,0.92090
2020-02-24,0.92120
2020-02-25,0.91870
2020-02-26,0.91870
2020-02-27,0.90860
2020-02-28,0.90640
2020-03-02,0.89700
2020-03-03,0.89480
2020-03-04,0.89810
2020-03-05,0.89030
2020-03-06,0.88550
2020-03-09,0.87390
2020-03-10,0.88400
2020-03-11,0.88790
2020-03-12,0.89450
2020-03-13,0.90140
2020-03-16,0.89510
2020-03-17,0.90750
2020-03-18,0.91460
2020-03-19,0.93750
2020-03-20,0.93410
2020-03-23,0.93040
2020-03-24,0.92460
2020-03-25,0.91890
2020-03-26,0.90560
2020-03-27,0.89700
2020-03-30,0.90510
2020-03-31,0.90700
2020-04-01,0.91240
2020-04-02,0.92120
2020-04-03,0.92470
2020-04-06,0.92700
2020-04-07,0.91770
2020-04-08,0.92060
2020-04-09,0.91490
2020-04-10,0.91410
2020-04-13,0.91580
2020-04-14,0.91020
2020-04-15,0.91690
2020-04-16,0.92050
2020-04-17,0.91930
2020-04-20,0.92020
2020-04-21,0.92100
2020-04-22,0.92370
2020-04-23,0.92740
2020-04-24,0.92360
2020-04-27,0.92330
2020-04-28,0.92350
2020-04-29,0.91930
2020-04-30,0.91360
2020-05-01,0.91050
2020-05-04,0.91690
2020-05-05,0.92180
2020-05-06,0.92580
2020-05-07,0.92250
2020-05-08,0.92230
2020-05-11,0.92480
2020-05-12,0.92130
2020-05-13,0.92420
2020-05-14,0.92540
2020-05-15,0.92410
2020-05-18,0.91570
2020-05-19,0.91520
2020-05-20,0.91050
2020-05-21,0.91290
2020-05-22,0.91690
2020-05-25,0.91750
2020-05-26,0.91030
2020-05-27,0.90780
2020-05-28,0.90280
2020-05-29,0.90010
2020-06-01,0.89800
2020-06-02,0.89460
2020-06-03,0.88970
2020-06-04,0.88310
2020-06-05,0.88570
2020-06-08,0.88490
2020-06-09,0.88170
2020-06-10,0.87870
2020-06-11,0.88490
2020-06-12,0.88810
2020-06-15,0.88230
2020-06-16,0.88780
2020-06-17,0.88890
2020-06-18,0.89190
2020-06-19,0.89430
2020-06-22,0.88680
2020-06-23,0.88410
2020-06-24,0.88850
2020-06-25,0.89090
2020-06-26,0.89120
2020-06-29,0.88880
2020-06-30,0.88970
2020-07-01,0.88840
2020-07-02,0.88920
2020-07-03,0.88870
2020-07-06,0.88380
2020-07-07,0.88660
2020-07-08,0.88220
2020-07-09,0.88570
2020-07-10,0.88480
2020-07-13,0.88090
2020-07-14,0.87620
2020-07-15,0.87600
2020-07-16,0.87810
2020-07-17,0.87490
2020-07-20,0.87330
2020-07-21,0.86680
2020-07-22,0.86400
2020-07-23,0.86170
2020-07-24,0.85820
2020-07-27,0.84980
2020-07-28,0.85300
2020-07-29,0.84790
2020-07-30,0.84380
2020-07-31,0.84920
2020-08-03,0.85010
2020-08-04,0.84700
2020-08-05,0.84200
2020-08-06,0.84110
2020-08-07,0.84830
2020-08-10,0.85140
2020-08-11,0.85120
2020-08-12,0.84780
2020-08-13,0.84600
2020-08-14,0.84460
2020-08-17,0.84170
2020-08-18,0.83730
2020-08-19,0.84350
2020-08-20,0.84250
2020-08-21,0.84740
2020-08-24,0.84740
2020-08-25,0.84480
2020-08-26,0.84450
2020-08-27,0.84580
2020-08-28,0.83960
2020-08-31,0.83750
2020-09-01,0.83880
2020-09-02,0.84330
2020-09-03,0.84390
2020-09-04,0.84440
2020-09-07,0.84610
2020-09-08,0.84960
2020-09-09,0.84660
2020-09-10,0.84560
2020-09-11,0.84390
2020-09-14,0.84250
2020-09-15,0.84350
2020-09-16,0.84620
2020-09-17,0.84390
2020-09-18,0.84460
2020-09-21,0.84940
2020-09-22,0.85380
2020-09-23,0.85730
2020-09-24,0.85650
2020-09-25,0.85920
2020-09-28,0.85710
2020-09-29,0.85140
2020-09-30,0.85270
2020-10-01,0.85090
2020-10-02,0.85320
2020-10-05,0.84850
2020-10-06,0.85190
2020-10-07,0.84980
2020-10-08,0.85010
2020-10-09,0.84530
2020-10-12,0.84600
2020-10-13,0.85110
2020-10-14,0.85070
2020-10-15,0.85360
2020-10-16,0.85270
2020-10-19,0.84950
2020-10-20,0.84550
2020-10-21,0.84280
2020-10-22,0.84570
2020-10-23,0.84260
2020-10-26,0.84650
2020-10-27,0.84810
2020-10-28,0.85110
2020-10-29,0.85630
2020-10-30,0.85840
2020-11-02,0.85880
2020-11-03,0.85300
2020-11-04,0.85610
2020-11-05,0.84510
2020-11-06,0.84190
2020-11-09,0.84630
2020-11-10,0.84610
2020-11-11,0.84550
2020-11-12,0.84680
2020-11-13,0.84480
2020-11-16,0.84340
2020-11-17,0.84280
2020-11-18,0.84340
2020-11-19,0.84190
2020-11-20,0.84330
2020-11-23,0.84400
2020-11-24,0.84060
2020-11-25,0.83890
2020-11-26,0.83910
2020-11-27,0.83530
2020-11-30,0.83850
2020-12-01,0.82820
2020-12-02,0.82490
2020-12-03,0.82270
2020-12-04,0.82470
2020-12-07,0.82550
2020-12-08,0.82590
2020-12-09,0.82360
2020-12-10,0.82330
2020-12-11,0.82540
2020-12-14,0.82290
2020-12-15,0.82250
2020-12-16,0.81950
2020-12-17,0.81480
2020-12-18,0.81550
2020-12-21,0.81650
2020-12-22,0.82200
2020-12-23,0.82040
2020-12-24,0.81970
2020-12-25,0.81850
2020-12-28,0.81830
2020-12-29,0.81600
2020-12-30,0.81250
2020-12-31,0.81830
2021-01-01,0.81760
2021-01-04,0.81590
2021-01-05,0.81270
2021-01-06,0.81070
2021-01-07,0.81490
2021-01-08,0.81960
2021-01-11,0.82250
2021-01-12,0.81890
2021-01-13,0.82200
2021-01-14,0.82240
2021-01-15,0.82800
2021-01-18,0.82750
2021-01-19,0.82400
2021-01-20,0.82580
2021-01-21,0.82160
2021-01-22,0.82140
2021-01-25,0.82310
2021-01-26,0.82210
2021-01-27,0.82540
2021-01-28,0.82470
2021-01-29,0.82360
2021-02-01,0.82880
2021-02-02,0.82980
2021-02-03,0.83040
2021-02-04,0.83550
2021-02-05,0.82980
2021-02-08,0.82960
2021-02-09,0.82460
2021-02-10,0.82490
2021-02-11,0.82380
2021-02-12,0.82490
2021-02-15,0.82430
2021-02-16,0.82590
2021-02-17,0.83010
2021-02-18,0.82670
2021-02-19,0.82500
2021-02-22,0.82230
2021-02-23,0.82280
2021-02-24,0.82150
2021-02-25,0.82100
2021-02-26,0.82800
2021-03-01,0.82970
2021-03-02,0.82680
2021-03-03,0.82880
2021-03-04,0.83470
2021-03-05,0.83900
2021-03-08,0.84390
2021-03-09,0.84000
2021-03-10,0.83800
2021-03-11,0.83410
2021-03-12,0.83650
2021-03-15,0.83810
2021-03-16,0.83990
2021-03-17,0.83440
2021-03-18,0.83910
2021-03-19,0.83980
2021-03-22,0.83760
2021-03-23,0.84350
2021-03-24,0.84610
2021-03-25,0.84920
2021-03-26,0.84780
2021-03-29,0.84960
2021-03-30,0.85300
2021-03-31,0.85240
2021-04-01,0.84870
2021-04-02,0.84970
2021-04-05,0.84590
2021-04-06,0.84210
2021-04-07,0.84220
2021-04-08,0.83890
2021-04-09,0.83970
2021-04-12,0.83910
2021-04-13,0.83660
2021-04-14,0.83420
2021-04-15,0.83540
2021-04-16,0.83470
2021-04-19,0.83040
2021-04-20,0.83060
2021-04-21,0.83050
2021-04-22,0.83200
2021-04-23,0.82640
2021-04-26,0.82720
2021-04-27,0.82680
2021-04-28,0.82440
2021-04-29,0.82460
2021-04-30,0.83180
2021-05-03,0.82860
2021-05-04,0.83240
2021-05-05,0.83260
2021-05-06,0.82870
2021-05-07,0.82180
2021-05-10,0.82410
2021-05-11,0.82280
2021-05-12,0.82810
2021-05-13,0.82750
2021-05-14,0.82330
2021-05-17,0.82270
2021-05-18,0.81780
2021-05-19,0.82100
2021-05-20,0.81740
2021-05-21,0.82090
2021-05-24,0.81820
2021-05-25,0.81600
2021-05-26,0.81950
2021-05-27,0.81980
2021-05-28,0.82010
2021-05-31,0.81740
2021-06-01,0.81850
2021-06-02,0.81870
2021-06-03,0.82440
2021-06-04,0.82180
2021-06-07,0.81990
2021-06-08,0.82120
2021-06-09,0.82060
2021-06-10,0.82110
2021-06-11,0.82600
2021-06-14,0.82480
2021-06-15,0.82400
2021-06-16,0.83360
2021-06-17,0.83960
2021-06-18,0.84280
2021-06-21,0.83890
2021-06-22,0.83720
2021-06-23,0.83770
2021-06-24,0.83790
2021-06-25,0.83740
2021-06-28,0.83820
2021-06-29,0.84010
2021-06-30,0.84280
2021-07-01,0.84360
2021-07-02,0.84230
2021-07-05,0.84280
2021-07-06,0.84540
2021-07-07,0.84740
2021-07-08,0.84400
2021-07-09,0.84170
2021-07-12,0.84270
2021-07-13,0.84850
2021-07-14,0.84410
2021-07-15,0.84630
2021-07-16,0.84690
2021-07-19,0.84720
2021-07-20,0.84830
2021-07-21,0.84740
2021-07-22,0.84920
2021-07-23,0.84960
2021-07-26,0.84700
2021-07-27,0.84580
2021-07-28,0.84400
2021-07-29,0.84090
2021-07-30,0.84240
2021-08-02,0.84200
2021-08-03,0.84230
2021-08-04,0.84450
2021-08-05,0.84480
2021-08-06,0.84980
2021-08-09,0.85180
2021-08-10,0.85300
2021-08-11,0.85160
2021-08-12,0.85200
2021-08-13,0.84800
2021-08-16,0.84890
2021-08-17,0.85360
2021-08-18,0.85380
2021-08-19,0.85580
2021-08-20,0.85430
2021-08-23,0.85110
2021-08-24,0.85030
2021-08-25,0.84930
2021-08-26,0.85050
2021-08-27,0.84720
2021-08-30,0.84730
2021-08-31,0.84630
2021-09-01,0.84430
2021-09-02,0.84170
2021-09-03,0.84090
2021-09-06,0.84210
2021-09-07,0.84400
2021-09-08,0.84600
2021-09-09,0.84530
2021-09-10,0.84630
2021-09-13,0.84640
2021-09-14,0.84680
2021-09-15,0.84600
2021-09-16,0.84940
2021-09-17,0.85240
2021-09-20,0.85290
2021-09-21,0.85260
2021-09-22,0.85500
2021-09-23,0.85140
2021-09-24,0.85340
2021-09-27,0.85410
2021-09-28,0.85560
2021-09-29,0.86190
2021-09-30,0.86340
2021-10-01,0.86240
2021-10-04,0.86030
2021-10-05,0.86220
2021-10-06,0.86520
2021-10-07,0.86500
2021-10-08,0.86450
2021-10-11,0.86520
2021-10-12,0.86700
2021-10-13,0.86200
2021-10-14,0.86210
2021-10-15,0.86160
2021-10-18,0.86100
2021-10-19,0.85930
2021-10-20,0.85830
2021-10-21,0.85970
2021-10-22,0.85850
2021-10-25,0.86090
2021-10-26,0.86200
2021-10-27,0.86150
2021-10-28,0.85570
2021-10-29,0.86490
2021-11-01,0.86140
2021-11-02,0.86340
2021-11-03,0.86040
2021-11-04,0.86520
2021-11-05,0.86450
2021-11-08,0.86280
2021-11-09,0.86220
2021-11-10,0.87080
2021-11-11,0.87290
2021-11-12,0.87350
2021-11-15,0.87940
2021-11-16,0.88280
2021-11-17,0.88330
2021-11-18,0.87850
2021-11-19,0.88620
2021-11-22,0.88990
2021-11-23,0.88840
2021-11-24,0.89250
2021-11-25,0.89200
2021-11-26,0.88340
2021-11-29,0.88550
2021-11-30,0.88180
2021-12-01,0.88310
2021-12-02,0.88460
2021-12-03,0.88340
2021-12-06,0.88590
2021-12-07,0.88710
2021-12-08,0.88140
2021-12-09,0.88530
2021-12-10,0.88320
2021-12-13,0.88580
2021-12-14,0.88770
2021-12-15,0.88510
2021-12-16,0.88230
2021-12-17,0.88970
2021-12-20,0.88630
2021-12-21,0.88580
2021-12-22,0.88230
2021-12-23,0.88230
2021-12-24,0.88370
2021-12-27,0.88250
2021-12-28,0.88370
2021-12-29,0.88080
2021-12-30,0.88270
2021-12-31,0.87930
2022-01-03,0.88470
2022-01-04,0.88520
2022-01-05,0.88400
2022-01-06,0.88480
2022-01-07,0.88020
2022-01-10,0.88220
2022-01-11,0.87950
2022-01-12,0.87390
2022-01-13,0.87280
2022-01-14,0.87580
2022-01-17,0.87620
2022-01-18,0.88260
2022-01-19,0.88140
2022-01-20,0.88390
2022-01-21,0.88120
2022-01-24,0.88280
2022-01-25,0.88450
2022-01-26,0.88930
2022-01-27,0.89680
2022-01-28,0.89690
2022-01-31,0.88980
2022-02-01,0.88680
2022-02-02,0.88400
2022-02-03,0.87390
2022-02-04,0.87290
2022-02-07,0.87370
2022-02-08,0.87540
2022-02-09,0.87520
2022-02-10,0.87480
2022-02-11,0.88110
2022-02-14,0.88430
2022-02-15,0.88030
2022-02-16,0.87870
2022-02-17,0.87960
2022-02-18,0.88330
2022-02-21,0.88400
2022-02-22,0.88270
2022-02-23,0.88430
2022-02-24,0.89320
2022-02-25,0.88670
2022-02-28,0.89120
2022-03-01,0.89870
2022-03-02,0.89900
2022-03-03,0.90340
2022-03-04,0.91430
2022-03-07,0.92110
2022-03-08,0.91740
2022-03-09,0.90260
2022-03-10,0.90980
2022-03-11,0.91610
2022-03-14,0.91330
2022-03-15,0.91300
2022-03-16,0.90610
2022-03-17,0.90130
2022-03-18,0.90410
2022-03-21,0.90730
2022-03-22,0.90640
2022-03-23,0.90780
2022-03-24,0.90860
2022-03-25,0.91020
2022-03-28,0.91000
2022-03-29,0.90130
2022-03-30,0.89600
2022-03-31,0.90320
2022-04-01,0.90510
2022-04-04,0.91100
2022-04-05,0.91660
2022-04-06,0.91730
2022-04-07,0.91890
2022-04-08,0.91950
2022-04-11,0.91850
2022-04-12,0.92320
2022-04-13,0.91800
2022-04-14,0.92350
2022-04-15,0.92480
2022-04-18,0.92710
2022-04-19,0.92650
2022-04-20,0.92140
2022-04-21,0.92270
2022-04-22,0.92570
2022-04-25,0.93320
2022-04-26,0.93960
2022-04-27,0.94710
2022-04-28,0.95220
2022-04-29,0.94800
2022-05-02,0.95170
2022-05-03,0.94990
2022-05-04,0.94070
2022-05-05,0.94840
2022-05-06,0.94730
2022-05-09,0.94700
2022-05-10,0.94930
2022-05-11,0.95060
2022-05-12,0.96300
2022-05-13,0.96000
2022-05-16,0.95790
2022-05-17,0.94770
2022-05-18,0.95550
2022-05-19,0.94450
2022-05-20,0.94680
2022-05-23,0.93520
2022-05-24,0.93110
2022-05-25,0.93600
2022-05-26,0.93120
2022-05-27,0.93120
2022-05-30,0.92750
2022-05-31,0.93150
2022-06-01,0.93840
2022-06-02,0.93020
2022-06-03,0.93280
2022-06-06,0.93470
2022-06-07,0.93390
2022-06-08,0.93280
2022-06-09,0.94150
2022-06-10,0.95000
2022-06-13,0.96040
2022-06-14,0.95970
2022-06-15,0.95700
2022-06-16,0.94700
2022-06-17,0.95260
2022-06-20,0.95100
2022-06-21,0.94880
2022-06-22,0.94620
2022-06-23,0.94990
2022-06-24,0.94710
2022-06-27,0.94460
2022-06-28,0.95010
2022-06-29,0.95750
2022-06-30,0.95400
2022-07-01,0.95910
2022-07-04,0.95930
2022-07-05,0.97390
2022-07-06,0.98170
2022-07-07,0.98380
2022-07-08,0.98210
2022-07-11,0.99590
2022-07-12,0.99630
2022-07-13,0.99400
2022-07-14,0.99760
2022-07-15,0.99130
2022-07-18,0.98530
2022-07-19,0.97740
2022-07-20,0.98220
2022-07-21,0.97730
2022-07-22,0.97850
2022-07-25,0.97810
2022-07-26,0.98800
2022-07-27,0.98010
2022-07-28,0.98070
2022-07-29,0.97780
2022-08-01,0.97450
2022-08-02,0.98360
2022-08-03,0.98320
2022-08-04,0.97570
2022-08-05,0.98160
2022-08-08,0.98080
2022-08-09,0.97890
2022-08-10,0.97060
2022-08-11,0.96840
2022-08-12,0.97490
2022-08-15,0.98370
2022-08-16,0.98290
2022-08-17,0.98230
2022-08-18,0.99100
2022-08-19,0.99560
2022-08-22,1.00530
2022-08-23,1.00290
2022-08-24,1.00290
2022-08-25,1.00200
2022-08-26,1.00250
2022-08-29,0.99970
2022-08-30,0.99810
2022-08-31,0.99460
2022-09-01,1.00510
2022-09-02,1.00440
2022-09-05,1.00650
2022-09-06,1.00940
2022-09-07,0.99890
2022-09-08,1.00000
2022-09-09,0.99540
2022-09-12,0.98790
2022-09-13,1.00320
2022-09-14,1.00170
2022-09-15,1.00000
2022-09-16,0.99820
2022-09-19,0.99730
2022-09-20,1.00270
2022-09-21,1.01600
2022-09-22,1.01650
2022-09-23,1.03220
2022-09-26,1.04050
2022-09-27,1.04190
2022-09-28,1.02700
2022-09-29,1.01830
2022-09-30,1.02030
2022-10-03,1.01780
2022-10-04,1.00140
2022-10-05,1.01110
2022-10-06,1.02090
2022-10-07,1.02640
2022-10-10,1.03020
2022-10-11,1.03020
2022-10-12,1.02980
2022-10-13,1.02220
2022-10-14,1.02840
2022-10-17,1.01590
2022-10-18,1.01380
2022-10-19,1.02290
2022-10-20,1.02150
2022-10-21,1.01400
2022-10-24,1.01260
2022-10-25,1.00300
2022-10-26,0.99170
2022-10-27,1.00310
2022-10-28,1.00340
2022-10-31,1.01160
2022-11-01,1.01230
2022-11-02,1.01810
2022-11-03,1.02520
2022-11-04,1.00390
2022-11-07,0.99760
2022-11-08,0.99250
2022-11-09,0.99830
2022-11-10,0.97920
2022-11-11,0.96550
2022-11-14,0.96800
2022-11-15,0.96620
2022-11-16,0.96180
2022-11-17,0.96450
2022-11-18,0.96820
2022-11-21,0.97630
2022-11-22,0.97040
2022-11-23,0.96170
2022-11-24,0.95980
2022-11-25,0.96100
2022-11-28,0.96680
2022-11-29,0.96820
2022-11-30,0.96050
2022-12-01,0.94990
2022-12-02,0.94840
2022-12-05,0.95280
2022-12-06,0.95500
2022-12-07,0.95150
2022-12-08,0.94720
2022-12-09,0.94910
2022-12-12,0.94870
2022-12-13,0.94020
2022-12-14,0.93590
2022-12-15,0.94080
2022-12-16,0.94440
2022-12-19,0.94250
2022-12-20,0.94100
2022-12-21,0.94280
2022-12-22,0.94330
2022-12-23,0.94170
2022-12-26,0.94020
2022-12-27,0.93930
2022-12-28,0.94170
2022-12-29,0.93770
2022-12-30,0.93390
2023-01-02,0.93740
2023-01-03,0.94790
2023-01-04,0.94280
2023-01-05,0.95010
2023-01-06,0.93920
2023-01-09,0.93150
2023-01-10,0.93110
2023-01-11,0.92950
2023-01-12,0.92100
2023-01-13,0.92300
2023-01-16,0.92370
2023-01-17,0.92670
2023-01-18,0.92620
2023-01-19,0.92320
2023-01-20,0.92090
2023-01-23,0.91960
2023-01-24,0.91820
2023-01-25,0.91590
2023-01-26,0.91790
2023-01-27,0.91980
2023-01-30,0.92130
2023-01-31,0.92040
2023-02-01,0.90980
2023-02-02,0.91600
2023-02-03,0.92600
2023-02-06,0.93200
2023-02-07,0.93190
2023-02-08,0.93280
2023-02-09,0.93100
2023-02-10,0.93640
2023-02-13,0.93210
2023-02-14,0.93120
2023-02-15,0.93520
2023-02-16,0.93670
2023-02-17,0.93490
2023-02-20,0.93530
2023-02-21,0.93900
2023-02-22,0.94260
2023-02-23,0.94370
2023-02-24,0.94810
2023-02-27,0.94230
2023-02-28,0.94530
2023-03-01,0.93700
2023-03-02,0.94340
2023-03-03,0.94000
2023-03-06,0.93590
2023-03-07,0.94770
2023-03-08,0.94820
2023-03-09,0.94470
2023-03-10,0.93960
2023-03-13,0.93190
2023-03-14,0.93170
2023-03-15,0.94500
2023-03-16,0.94190
2023-03-17,0.93710
2023-03-20,0.93250
2023-03-21,0.92840
2023-03-22,0.92060
2023-03-23,0.92280
2023-03-24,0.92900
2023-03-27,0.92590
2023-03-28,0.92210
2023-03-29,0.92200
2023-03-30,0.91690
2023-03-31,0.92190
2023-04-03,0.91700
2023-04-04,0.91250
2023-04-05,0.91640
2023-04-06,0.91560
2023-04-07,0.91680
2023-04-10,0.92050
2023-04-11,0.91610
2023-04-12,0.90940
2023-04-13,0.90500
2023-04-14,0.90930
2023-04-17,0.91480
2023-04-18,0.91110
2023-04-19,0.91240
2023-04-20,0.91110
2023-04-21,0.90980
2023-04-24,0.90470
2023-04-25,0.91090
2023-04-26,0.90540
2023-04-27,0.90650
2023-04-28,0.90760
2023-05-01,0.91080
2023-05-02,0.90870
2023-05-03,0.90360
2023-05-04,0.90750
2023-05-05,0.90720
2023-05-08,0.90840
2023-05-09,0.91160
2023-05-10,0.91020
2023-05-11,0.91540
2023-05-12,0.92150
2023-05-15,0.91920
2023-05-16,0.92030
2023-05-17,0.92220
2023-05-18,0.92820
2023-05-19,0.92520
2023-05-22,0.92430
2023-05-23,0.92800
2023-05-24,0.92990
2023-05-25,0.93180
2023-05-26,0.93190
2023-05-29,0.93350
2023-05-30,0.93150
2023-05-31,0.93540
2023-06-01,0.92890
2023-06-02,0.93350
2023-06-05,0.93330
2023-06-06,0.93460
2023-06-07,0.93450
2023-06-08,0.92710
2023-06-09,0.93030
2023-06-12,0.92930
2023-06-13,0.92660
2023-06-14,0.92290
2023-06-15,0.91350
2023-06-16,0.91350
2023-06-19,0.91540
2023-06-20,0.91550
2023-06-21,0.91000
2023-06-22,0.91250
2023-06-23,0.91760
2023-06-26,0.91660
2023-06-27,0.91210
2023-06-28,0.91600
2023-06-29,0.92020
2023-06-30,0.91640
2023-07-03,0.91610
2023-07-04,0.91890
2023-07-05,0.92090
2023-07-06,0.91800
2023-07-07,0.91140
2023-07-10,0.90890
2023-07-11,0.90820
2023-07-12,0.89830
2023-07-13,0.89050
2023-07-14,0.89040
2023-07-17,0.88960
2023-07-18,0.89020
2023-07-19,0.89250
2023-07-20,0.89780
2023-07-21,0.89840
2023-07-24,0.90340
2023-07-25,0.90410
2023-07-26,0.90170
2023-07-27,0.91070
2023-07-28,0.90750
2023-07-31,0.90900
2023-08-01,0.90770
2023-08-02,0.91380
2023-08-03,0.91300
2023-08-04,0.90810
2023-08-07,0.90860
2023-08-08,0.91260
2023-08-09,0.91080
2023-08-10,0.91020
2023-08-11,0.91320
2023-08-14,0.91670
2023-08-15,0.91680
2023-08-16,0.91870
2023-08-17,0.91970
2023-08-18,0.91960
2023-08-21,0.91740
2023-08-22,0.92180
2023-08-23,0.92020
2023-08-24,0.92440
2023-08-25,0.92610
2023-08-28,0.92390
2023-08-29,0.91900
2023-08-30,0.91510
2023-08-31,0.92210
2023-09-01,0.92790
2023-09-04,0.92610
2023-09-05,0.93230
2023-09-06,0.93220
2023-09-07,0.93460
2023-09-08,0.93440
2023-09-11,0.92980
2023-09-12,0.92950
2023-09-13,0.93170
2023-09-14,0.93940
2023-09-15,0.93790
2023-09-18,0.93490
2023-09-19,0.93610
2023-09-20,0.93730
2023-09-21,0.93770
2023-09-22,0.93920
2023-09-25,0.94380
2023-09-26,0.94570
2023-09-27,0.95160
2023-09-28,0.94630
2023-09-29,0.94560
2023-10-02,0.95400
2023-10-03,0.95530
2023-10-04,0.95150
2023-10-05,0.94770
2023-10-06,0.94410
2023-10-09,0.94600
2023-10-10,0.94270
2023-10-11,0.94140
2023-10-12,0.94940
2023-10-13,0.95130
2023-10-16,0.94670
2023-10-17,0.94530
2023-10-18,0.94890
2023-10-19,0.94470
2023-10-20,0.94360
2023-10-23,0.93710
2023-10-24,0.94380
2023-10-25,0.94600
2023-10-26,0.94660
2023-10-27,0.94610
2023-10-30,0.94170
2023-10-31,0.94520
2023-11-01,0.94600
2023-11-02,0.94120
2023-11-03,0.93200
2023-11-06,0.93290
2023-11-07,0.93430
2023-11-08,0.93350
2023-11-09,0.93710
2023-11-10,0.93550
2023-11-13,0.93460
2023-11-14,0.91890
2023-11-15,0.92170
2023-11-16,0.92120
2023-11-17,0.91600
2023-11-20,0.91380
2023-11-21,0.91630
2023-11-22,0.91820
2023-11-23,0.91670
2023-11-24,0.91360
2023-11-27,0.91270
2023-11-28,0.90940
2023-11-29,0.91140
2023-11-30,0.91820
2023-12-01,0.91850
2023-12-04,0.92260
2023-12-05,0.92580
2023-12-06,0.92870
2023-12-07,0.92620
2023-12-08,0.92910
2023-12-11,0.92870
2023-12-12,0.92620
2023-12-13,0.91930
2023-12-14,0.90950
2023-12-15,0.91750
2023-12-18,0.91520
2023-12-19,0.91040
2023-12-20,0.91360
2023-12-21,0.90790
2023-12-22,0.90800
2023-12-25,0.90820
2023-12-26,0.90540
2023-12-27,0.90020
2023-12-28,0.90370
2023-12-29,0.90580
2024-01-01,0.90480
2024-01-02,0.91370
2024-01-03,0.91530
2024-01-04,0.91330
2024-01-05,0.91380
2024-01-08,0.91300
2024-01-09,0.91450
2024-01-10,0.91120
2024-01-11,0.91110
2024-01-12,0.91290
2024-01-15,0.91290
2024-01-16,0.91930
2024-01-17,0.91870
2024-01-18,0.91920
2024-01-19,0.91740
2024-01-22,0.91860
2024-01-23,0.92110
2024-01-24,0.91840
2024-01-25,0.92170
2024-01-26,0.92100
2024-01-29,0.92280
2024-01-30,0.92180
2024-01-31,0.92420
2024-02-01,0.91950
2024-02-02,0.92670
2024-02-05,0.93060
2024-02-06,0.92960
2024-02-07,0.92800
2024-02-08,0.92760
2024-02-09,0.92690
2024-02-12,0.92810
2024-02-13,0.93360
2024-02-14,0.93190
2024-02-15,0.92800
2024-02-16,0.92760
2024-02-19,0.92750
2024-02-20,0.92500
2024-02-21,0.92410
2024-02-22,0.92370
2024-02-23,0.92380
2024-02-26,0.92130
2024-02-27,0.92180
2024-02-28,0.92240
2024-02-29,0.92520
2024-03-01,0.92230
2024-03-04,0.92090
2024-03-05,0.92080
2024-03-06,0.91720
2024-03-07,0.91320
2024-03-08,0.91400
2024-03-11,0.91490
2024-03-12,0.91490
2024-03-13,0.91300
2024-03-14,0.91840
2024-03-15,0.91780
2024-03-18,0.91940
2024-03-19,0.92010
2024-03-20,0.91530
2024-03-21,0.92050
2024-03-22,0.92470
2024-03-25,0.92260
2024-03-26,0.92290
2024-03-27,0.92330
2024-03-28,0.92660
2024-03-29,0.92620
2024-04-01,0.93050
2024-04-02,0.92800
2024-04-03,0.92280
2024-04-04,0.92250
2024-04-05,0.92240
2024-04-08,0.92060
2024-04-09,0.92070
2024-04-10,0.93050
2024-04-11,0.93200
2024-04-12,0.93930
2024-04-15,0.94100
2024-04-16,0.94150
2024-04-17,0.93670
2024-04-18,0.93940
2024-04-19,0.93800
2024-04-22,0.93840
2024-04-23,0.93410
2024-04-24,0.93450
2024-04-25,0.93180
2024-04-26,0.93470
2024-04-29,0.93250
2024-04-30,0.93710
2024-05-01,0.93320
2024-05-02,0.93210
2024-05-03,0.92880
2024-05-06,0.92830
2024-05-07,0.92950
2024-05-08,0.93010
2024-05-09,0.92730
2024-05-10,0.92830
2024-05-13,0.92670
2024-05-14,0.92410
2024-05-15,0.91860
2024-05-16,0.91990
2024-05-17,0.91980
2024-05-20,0.92070
2024-05-21,0.92090
2024-05-22,0.92370
2024-05-23,0.92440
2024-05-24,0.92170
2024-05-27,0.92080
2024-05-28,0.92050
2024-05-29,0.92530
2024-05-30,0.92280
2024-05-31,0.92130
2024-06-03,0.91700
2024-06-04,0.91890
2024-06-05,0.91960
2024-06-06,0.91790
2024-06-07,0.92560
2024-06-10,0.92860
2024-06-11,0.93060
2024-06-12,0.92470
2024-06-13,0.93080
2024-06-14,0.93380
2024-06-17,0.93140
2024-06-18,0.93070
2024-06-19,0.93040
2024-06-20,0.93400
2024-06-21,0.93480
2024-06-24,0.93140
2024-06-25,0.93320
2024-06-26,0.93610
2024-06-27,0.93380
2024-06-28,0.93320
2024-07-01,0.93100
2024-07-02,0.93030
2024-07-03,0.92690
2024-07-04,0.92470
2024-07-05,0.92220
2024-07-08,0.92340
2024-07-09,0.92440
2024-07-10,0.92310
2024-07-11,0.91990
2024-07-12,0.91660
2024-07-15,0.91750
2024-07-16,0.91720
2024-07-17,0.91390
2024-07-18,0.91740
2024-07-19,0.91860
2024-07-22,0.91800
2024-07-23,0.92100
2024-07-24,0.92220
2024-07-25,0.92160
2024-07-26,0.92100
2024-07-29,0.92370
2024-07-30,0.92450
2024-07-31,0.92330
2024-08-01,0.92640
2024-08-02,0.91630
2024-08-05,0.91270
2024-08-06,0.91480
2024-08-07,0.91520
2024-08-08,0.91570
2024-08-09,0.91600
2024-08-12,0.91460
2024-08-13,0.90950
2024-08-14,0.90670
2024-08-15,0.91120
2024-08-16,0.90650
2024-08-19,0.90200
2024-08-20,0.89820
2024-08-21,0.89660
2024-08-22,0.89960
2024-08-23,0.89330
2024-08-26,0.89570
2024-08-27,0.89380
2024-08-28,0.89900
2024-08-29,0.90240
2024-08-30,0.90470
2024-09-02,0.90300
2024-09-03,0.90540
2024-09-04,0.90200
2024-09-05,0.89990
2024-09-06,0.90180
2024-09-09,0.90580
2024-09-10,0.90720
2024-09-11,0.90770
2024-09-12,0.90280
2024-09-13,0.90260
2024-09-16,0.89800
2024-09-17,0.89940
2024-09-18,0.89920
2024-09-19,0.89560
2024-09-20,0.89560
2024-09-23,0.89970
2024-09-24,0.89430
2024-09-25,0.89800
2024-09-26,0.89450
2024-09-27,0.89540
2024-09-30,0.89790
2024-10-01,0.90310
2024-10-02,0.90490
2024-10-03,0.90610
2024-10-04,0.91140
2024-10-07,0.91090
2024-10-08,0.91060
2024-10-09,0.91370
2024-10-10,0.91430
2024-10-11,0.91400
2024-10-14,0.91650
2024-10-15,0.91780
2024-10-16,0.92020
2024-10-17,0.92280
2024-10-18,0.92000
2024-10-21,0.92430
2024-10-22,0.92570
2024-10-23,0.92710
2024-10-24,0.92330
2024-10-25,0.92570
2024-10-28,0.92450
2024-10-29,0.92450
2024-10-30,0.92090
2024-10-31,0.91860
2024-11-01,0.92220
2024-11-04,0.91900
2024-11-05,0.91470
2024-11-06,0.93180
2024-11-07,0.92540
2024-11-08,0.93260
2024-11-11,0.93830
2024-11-12,0.94110
2024-11-13,0.94640
2024-11-14,0.94950
2024-11-15,0.94860
2024-11-18,0.94330
2024-11-19,0.94350
2024-11-20,0.94820
2024-11-21,0.95450
2024-11-22,0.95970
2024-11-25,0.95250
2024-11-26,0.95310
2024-11-27,0.94610
2024-11-28,0.94730
2024-11-29,0.94510
2024-12-02,0.95220
2024-12-03,0.95130
2024-12-04,0.95120
2024-12-05,0.94420
2024-12-06,0.94610
2024-12-09,0.94730
2024-12-10,0.94970
2024-12-11,0.95250
2024-12-12,0.95520
2024-12-13,0.95180
2024-12-16,0.95110
2024-12-17,0.95290
2024-12-18,0.96600
2024-12-19,0.96470
2024-12-20,0.95860
2024-12-23,0.96070
2024-12-24,0.96140
2024-12-25,0.96120
2024-12-26,0.95920
2024-12-27,0.95890
2024-12-30,0.96070
2024-12-31,0.96560
2025-01-01,0.96540
2025-01-02,0.97370
2025-01-03,0.96980
2025-01-06,0.96220
2025-01-07,0.96680
2025-01-08,0.96890
2025-01-09,0.97070
2025-01-10,0.97580
2025-01-13,0.97610
2025-01-14,0.96990
2025-01-15,0.97160
2025-01-16,0.97040
2025-01-17,0.97350
2025-01-20,0.95970
2025-01-21,0.96240
2025-01-22,0.96040
2025-01-23,0.95990
2025-01-24,0.95250
2025-01-27,0.95290
2025-01-28,0.95850
2025-01-29,0.95960
2025-01-30,0.96200
2025-01-31,0.96500
2025-02-03,0.96660
2025-02-04,0.96330
2025-02-05,0.96110
2025-02-06,0.96290
2025-02-07,0.96790
2025-02-10,0.97000
2025-02-11,0.96490
2025-02-12,0.96290
2025-02-13,0.95540
2025-02-14,0.95280
2025-02-17,0.95360
2025-02-18,0.95710
2025-02-19,0.95910
2025-02-20,0.95200
2025-02-21,0.95550
2025-02-24,0.95500
2025-02-25,0.95080
2025-02-26,0.95350
2025-02-27,0.96140
2025-02-28,0.96370
2025-03-03,0.95340
2025-03-04,0.94080
2025-03-05,0.92660
2025-03-06,0.92700
2025-03-07,0.92280
2025-03-10,0.92260
2025-03-11,0.91620
2025-03-12,0.91820
2025-03-13,0.92110
2025-03-14,0.91900
2025-03-17,0.91530
2025-03-18,0.91340
2025-03-19,0.91680
2025-03-20,0.92090
2025-03-21,0.92410
2025-03-24,0.92570
2025-03-25,0.92640
2025-03-26,0.93070
2025-03-27,0.92570
2025-03-28,0.92330
2025-03-31,0.92400
2025-04-01,0.92610
2025-04-02,0.92310
2025-04-03,0.90470
2025-04-04,0.91220
2025-04-07,0.91610
2025-04-08,0.91250
2025-04-09,0.91290
2025-04-10,0.89250
2025-04-11,0.88000
2025-04-14,0.88010
2025-04-15,0.88610
2025-04-16,0.87710
2025-04-17,0.87920
2025-04-18,0.87750
2025-04-21,0.86840
2025-04-22,0.87940
2025-04-23,0.88290
2025-04-24,0.87790
2025-04-25,0.87960
2025-04-28,0.87520
2025-04-29,0.87780
2025-04-30,0.88230
2025-05-01,0.88540
2025-05-02,0.88470
2025-05-05,0.88320
2025-05-06,0.87900
2025-05-07,0.88360
2025-05-08,0.89060
2025-05-09,0.88890
2025-05-12,0.90140
2025-05-13,0.89350
2025-05-14,0.89440
2025-05-15,0.89340
2025-05-16,0.89550
2025-05-19,0.88910
2025-05-20,0.88600
2025-05-21,0.88250
2025-05-22,0.88600
2025-05-23,0.87960
2025-05-26,0.87810
2025-05-27,0.88220
2025-05-28,0.88500
2025-05-29,0.87930
2025-05-30,0.88100
2025-06-02,0.87380
2025-06-03,0.87870
2025-06-04,0.87560
2025-06-05,0.87370
2025-06-06,0.87750
2025-06-09,0.87540
2025-06-10,0.87510
2025-06-11,0.87050
2025-06-12,0.86300
2025-06-13,0.86560
2025-06-16,0.86480
2025-06-17,0.87090
2025-06-18,0.87090
2025-06-19,0.86990
2025-06-20,0.86780
2025-06-23,0.86370
2025-06-24,0.86130
2025-06-25,0.85760
2025-06-26,0.85460
2025-06-27,0.85320
2025-06-30,0.84820
2025-07-01,0.84690
2025-07-02,0.84750
2025-07-03,0.85050
2025-07-04,0.84890
2025-07-07,0.85400
2025-07-08,0.85280
2025-07-09,0.85310
2025-07-10,0.85460
2025-07-11,0.85540
2025-07-14,0.85720
2025-07-15,0.86180
2025-07-16,0.85940
2025-07-17,0.86230
2025-07-18,0.86010
2025-07-21,0.85500
2025-07-22,0.85060
2025-07-23,0.84930
2025-07-24,0.85110
2025-07-25,0.85150
2025-07-28,0.86280
2025-07-29,0.86600
2025-07-30,0.87670
2025-07-31,0.87600
2025-08-01,0.86300
2025-08-04,0.86420
2025-08-05,0.86380
2025-08-06,0.85760
2025-08-07,0.85720
2025-08-08,0.85900
2025-08-11,0.86080
2025-08-12,0.85660
2025-08-13,0.85410
2025-08-14,0.85840
2025-08-15,0.85480
2025-08-18,0.85750
2025-08-19,0.85850
2025-08-20,0.85820
2025-08-21,0.86150
2025-08-22,0.85340
2025-08-25,0.86070
2025-08-26,0.85890
2025-08-27,0.85910
2025-08-28,0.85590
2025-08-29,0.85560
2025-09-01,0.85380
2025-09-02,0.85890
2025-09-03,0.85750
2025-09-04,0.85840
2025-09-05,0.85320
2025-09-08,0.84990
2025-09-09,0.85400
2025-09-10,0.85490
2025-09-11,0.85220
2025-09-12,0.85220
2025-09-15,0.85020
2025-09-16,0.84250
2025-09-17,0.84640
2025-09-18,0.84820
2025-09-19,0.85130
2025-09-22,0.84710
2025-09-23,0.84630
2025-09-24,0.85180
2025-09-25,0.85700
2025-09-26,0.85450
2025-09-29,0.85270
2025-09-30,0.85220
2025-10-01,0.85240
2025-10-02,0.85340
2025-10-03,0.85150
2025-10-06,0.85390
2025-10-07,0.85770
2025-10-08,0.85990
2025-10-09,0.86460
2025-10-10,0.86040
2025-10-13,0.86420
2025-10-14,0.86150
2025-10-15,0.85850
2025-10-16,0.85560
2025-10-17,0.85820
2025-10-20,0.85890
2025-10-21,0.86200
2025-10-22,0.86130
2025-10-23,0.86070
2025-10-24,0.86010
2025-10-27,0.85860
2025-10-28,0.85810
2025-10-29,0.86180
2025-10-30,0.86460
2025-10-31,0.86680
2025-11-03,0.86790
2025-11-04,0.87080
2025-11-05,0.87000
2025-11-06,0.86600
2025-11-07,0.86450
2025-11-10,0.86510
2025-11-11,0.86330
2025-11-12,0.86240
2025-11-13,0.85950
2025-11-14,0.86040
2025-11-17,0.86260
2025-11-18,0.86330
2025-11-19,0.86660
2025-11-20,0.86730
2025-11-21,0.86850
2025-11-24,0.86790
2025-11-25,0.86420
2025-11-26,0.86230
2025-11-27,0.86240
2025-11-28,0.86230
2025-12-01,0.86130
2025-12-02,0.86030
2025-12-03,0.85670
2025-12-04,0.85870
2025-12-05,0.85890
2025-12-08,0.85920
2025-12-09,0.86000
2025-12-10,0.85490
2025-12-11,0.85190
2025-12-12,0.85170
2025-12-15,0.85070
2025-12-16,0.85130
2025-12-17,0.85160
2025-12-18,0.85300
2025-12-19,0.85390
2025-12-22,0.85030
2025-12-23,0.84780
2025-12-24,0.84900
2025-12-25,0.84890
2025-12-26,0.84930
2025-12-29,0.84940
2025-12-30,0.85110
2025-12-31,0.85140
2026-01-01,0.85140
2026-01-02,0.85320
2026-01-05,0.85300
2026-01-06,0.85540
2026-01-07,0.85650
2026-01-08,0.85760
2026-01-09,0.85920
2026-01-12,0.85700
2026-01-13,0.85880
2026-01-14,0.85870
2026-01-15,0.86130
2026-01-16,0.86200
2026-01-19,0.85860
2026-01-20,0.85290
2026-01-21,0.85580
2026-01-22,0.85060
2026-01-23,0.84530
2026-01-26,0.84160
2026-01-27,0.83040
2026-01-28,0.83640
2026-01-29,0.83530
2026-01-30,0.84370
2026-02-02,0.84800
2026-02-03,0.84600
2026-02-04,0.84690
2026-02-05,0.84900
2026-02-06,0.84620
2026-02-09,0.83920
2026-02-10,0.84060
2026-02-11,0.84220
2026-02-12,0.84230
2026-02-13,0.84250
2026-02-16,0.84370
2026-02-17,0.84340
2026-02-18,0.84850
2026-02-19,0.84930
2026-02-20,0.84870
2026-02-23,0.84840
2026-02-24,0.84930
2026-02-25,0.84660
2026-02-26,0.84760
2026-02-27,0.84640
2026-03-02,0.85540
2026-03-03,0.86090
2026-03-04,0.85950
2026-03-05,0.86130
2026-03-06,0.86070
2026-03-09,0.85930
2026-03-10,0.86120
2026-03-11,0.86450
2026-03-12,0.86860
2026-03-13,0.87590
2026-03-16,0.86910
2026-03-17,0.86650
2026-03-18,0.87310
2026-03-19,0.86280
2026-03-20,0.86420
2026-03-23,0.86100
2026-03-24,0.86150
2026-03-25,0.86510
2026-03-26,0.86730
2026-03-27,0.86870
2026-03-30,0.87210
2026-03-31,0.86540
2026-04-01,0.86290
2026-04-02,0.86660
2026-04-03,0.86810
2026-04-06,0.86640
2026-04-07,0.86240
2026-04-08,0.85730
2026-04-09,0.85460
2026-04-10,0.85320
2026-04-13,0.85030
2026-04-14,0.84770
2026-04-15,0.84740
2026-04-16,0.84880
2026-04-17,0.85000
2026-04-20,0.84820
2026-04-21,0.85150
2026-04-22,0.85420
2026-04-23,0.85590
2026-04-24,0.85300
2026-04-27,0.85310
2026-04-28,0.85370
2026-04-29,0.85630
2026-04-30,0.85220
2026-05-01,0.85310
2026-05-04,0.85510
2026-05-05,0.85510
2026-05-06,0.85110
2026-05-07,0.85280
2026-05-08,0.84830
2026-05-11,0.84860
2026-05-12,0.85190
2026-05-13,0.85390
2026-05-14,0.85680
2026-05-15,0.86010
2026-05-18,0.85790
2026-05-19,0.86160
2026-05-20,0.86010
2026-05-21,0.86070
2026-05-22,0.86180
2026-05-25,0.85870
2026-05-26,0.85970
2026-05-27,0.86000
2026-05-28,0.85820
2026-05-29,0.85760
2026-06-01,0.85960
2026-06-02,0.85970
2026-06-03,0.86210
2026-06-04,0.86120
2026-06-05,0.86780
2026-06-08,0.86690
2026-06-09,0.86630
2026-06-10,0.86690
2026-06-11,0.86350
2026-06-12,0.86440
2026-06-15,0.86270
2026-06-16,0.86130
2026-06-17,0.86930
2026-06-18,0.87270
2026-06-19,0.87180
2026-06-22,0.87490
2026-06-23,0.87850
2026-06-24,0.88030
2026-06-25,0.87950
2026-06-26,0.87830
2026-06-29,0.87540
2026-06-30,0.87550
2026-07-01,0.87890
2026-07-02,0.87460
2026-07-03,0.87430
2026-07-06,0.87390
2026-07-07,0.87610
2026-07-08,0.87580
2026-07-09,0.87480
2026-07-10,0.87610
2026-07-13,0.87840
2026-07-14,0.87570
2026-07-15,0.87230
2026-07-16,0.87380
2026-07-17,0.87410
2026-07-20,0.87600
2026-07-21,0.87720
2026-07-22,0.87620
2026-07-23,0.87890
2026-07-24,0.87960
2026-07-27,0.87950
2026-07-28,0.87800
2026-07-29,0.87180
2026-07-30,0.86750
2026-07-31,0.86740
2026-08-03,0.86880
2026-08-04,0.86720
2026-08-05,0.86540
2026-08-06,0.86760
2026-08-07,0.86510
2026-08-10,0.86630
2026-08-11,0.86630
2026-08-12,0.86750
2026-08-13,0.86730
2026-08-14,0.86420
2026-08-17,0.86350
2026-08-18,0.86380
2026-08-19,0.85620
2026-08-20,0.85620
2026-08-21,0.85620
2026-08-24,0.85730
2026-08-25,0.85650
